Workbook

Sheet Machine Setup
A1: Forage Harvester — Machine Setup
A3: Parameter | B3: Value | C3: Notes
A4: Horsepower (HP) | B4: 913 | C4: Engine HP — e.g. Jaguar 990 = 913 hp
A5: Reference HP (REF_HP) | B5: 400 | C5: Fixed AEM 400 hp reference — do not change
A6: Forage Coefficient | B6: 0.166 | C6: Calibrated: 913 hp → ~442 t/hr corn silage @ 100%
A7: basePerfMass (kg/s) | B7: =B6*(B5^0.25)*(B4^0.75) | C7: Machine throughput capacity at 100% engine load
A8: basePerfMass (t/hr) | B8: =B7*3.6 | C8: Same as above in t/hr
A9: Target Load % | B9: 0.95 | C9: Speed controller target engine load (default 95%)
A10: Throughput at Target (kg/s) | B10: =B7*B9 | C10: basePerfMass × target load — used in equilibrium formula
A11: Throughput at Target (t/hr) | B11: =B10*3.6 | C11: Same as above in t/hr
A12: Default Header Width (m) | B12: 9 | C12: Override per-crop in column K of Crop Data if needed
A16: Blue text = Input (cells you change)
A17: Black text = Calculated (formula)
A18: Green text = Cross-sheet formula link

Sheet Crop Data
A1: Forage Crop Load Factor Calculator
A2: Yellow = inputs to edit. Load Factor = processing resistance vs. corn silage (1.00 = reference). Equilibrium speed = speed the machine settles at given this crop density and your load factor.
A3: Crop / Scenario | B3: Lua FruitType Key | C3: litersPerSqm (fruit XML) | D3: Converter Factor | E3: Effective L / sqm | F3: Output Fill Type | G3: massPerLiter (fill XML) | H3: kg / sqm | I3: t / ha | J3: Load Factor ▶ SET THIS ◀ | K3: Header Width Override (m) | L3: Equil. Speed (km/h) | M3: Equil. Speed (mph)
A4: MAIZE — direct cut | B4: MAIZE | C4: 1.1538 | D4: 9.71 | E4: =C4*D4 | F4: CHAFF | G4: 0.23 | H4: =E4*G4 | I4: =H4*10 | J4: 1 | L4: =IF(H4<=0,0,('Machine Setup'!$B$10*3.6)/(J4*H4*IF(K4="",'Machine Setup'!$B$12,K4))) | M4: =IF(L4=0,0,L4/1.60934)
A5: ALFALFA — direct cut | B5: ALFALFA | C5: 1.2183 | D5: 1 | E5: =C5*D5 | F5: ALFALFA_WINDROW | G5: 0.23 | H5: =E5*G5 | I5: =H5*10 | J5: 1.2 | L5: =IF(H5<=0,0,('Machine Setup'!$B$10*3.6)/(J5*H5*IF(K5="",'Machine Setup'!$B$12,K5))) | M5: =IF(L5=0,0,L5/1.60934)
A6: ALFALFA_WINDROW — wet pickup | C6: 2.28 | D6: 2.4 | E6: =C6*D6 | F6: ALFALFA_CHOPPED | G6: 0.23 | H6: =E6*G6 | I6: =H6*10 | J6: 1.2 | L6: =IF(H6<=0,0,('Machine Setup'!$B$10*3.6)/(J6*H6*IF(K6="",'Machine Setup'!$B$12,K6))) | M6: =IF(L6=0,0,L6/1.60934)
A7: DRYALFALFA_WINDROW — dry pickup | B7: DRYGRASS | C7: 2.28 | D7: 1.6 | E7: =C7*D7 | F7: ALFALFA_CHOPPED | G7: 0.14 | H7: =E7*G7 | I7: =H7*10 | J7: 1.1 | L7: =IF(H7<=0,0,('Machine Setup'!$B$10*3.6)/(J7*H7*IF(K7="",'Machine Setup'!$B$12,K7))) | M7: =IF(L7=0,0,L7/1.60934)
A8: TRITICALE — direct cut | B8: TRITICALE | C8: 0.3483 | D8: 16.1 | E8: =C8*D8 | F8: CHAFF | G8: 0.23 | H8: =E8*G8 | I8: =H8*10 | J8: 0.9 | L8: =IF(H8<=0,0,('Machine Setup'!$B$10*3.6)/(J8*H8*IF(K8="",'Machine Setup'!$B$12,K8))) | M8: =IF(L8=0,0,L8/1.60934)
A9: SORGHUM — direct cut | B9: SORGHUM | C9: 0.5225 | D9: 4 | E9: =C9*D9 | F9: CHAFF | G9: 0.23 | H9: =E9*G9 | I9: =H9*10 | J9: 0.85 | L9: =IF(H9<=0,0,('Machine Setup'!$B$10*3.6)/(J9*H9*IF(K9="",'Machine Setup'!$B$12,K9))) | M9: =IF(L9=0,0,L9/1.60934)
A10: GRASS — mow / pickup | B10: GRASS | C10: 0 | D10: 0 | E10: =C10*D10 | F10: GRASS_WINDROW | G10: 0.23 | H10: =E10*G10 | I10: =H10*10 | J10: 1.35 | L10: =IF(H10<=0,0,('Machine Setup'!$B$10*3.6)/(J10*H10*IF(K10="",'Machine Setup'!$B$12,K10))) | M10: =IF(L10=0,0,L10/1.60934)
A11: MINT — direct cut | B11: MINT | C11: 0.001 | D11: 1 | E11: =C11*D11 | F11: MINT_WINDROW | G11: 0.23 | H11: =E11*G11 | I11: =H11*10 | J11: 1.1 | L11: =IF(H11<=0,0,('Machine Setup'!$B$10*3.6)/(J11*H11*IF(K11="",'Machine Setup'!$B$12,K11))) | M11: =IF(L11=0,0,L11/1.60934)
E12: =C12*D12 | H12: =E12*G12 | I12: =H12*10 | L12: =IF(H12<=0,0,('Machine Setup'!$B$10*3.6)/(J12*H12*IF(K12="",'Machine Setup'!$B$12,K12))) | M12: =IF(L12=0,0,L12/1.60934)
E13: =C13*D13 | H13: =E13*G13 | I13: =H13*10 | L13: =IF(H13<=0,0,('Machine Setup'!$B$10*3.6)/(J13*H13*IF(K13="",'Machine Setup'!$B$12,K13))) | M13: =IF(L13=0,0,L13/1.60934)
E14: =C14*D14 | H14: =E14*G14 | I14: =H14*10 | L14: =IF(H14<=0,0,('Machine Setup'!$B$10*3.6)/(J14*H14*IF(K14="",'Machine Setup'!$B$12,K14))) | M14: =IF(L14=0,0,L14/1.60934)
E15: =C15*D15 | H15: =E15*G15 | I15: =H15*10 | L15: =IF(H15<=0,0,('Machine Setup'!$B$10*3.6)/(J15*H15*IF(K15="",'Machine Setup'!$B$12,K15))) | M15: =IF(L15=0,0,L15/1.60934)
E16: =C16*D16 | H16: =E16*G16 | I16: =H16*10 | L16: =IF(H16<=0,0,('Machine Setup'!$B$10*3.6)/(J16*H16*IF(K16="",'Machine Setup'!$B$12,K16))) | M16: =IF(L16=0,0,L16/1.60934)

Sheet Lua Output
A1: Lua — forageCropFactors snippet (auto-updated from Crop Data)
A2: Copy these lines into LoadCalculator.lua to replace the forageCropFactors table. Values update automatically when you change Load Factor in the Crop Data sheet.
A3: local forageCropFactors = {}
A4: =IF('Crop Data'!B4="","","if FruitType."&'Crop Data'!B4&" then forageCropFactors[FruitType."&'Crop Data'!B4&"] = "&TEXT('Crop Data'!J4,"0.00")&" end -- "&'Crop Data'!A4)
A5: =IF('Crop Data'!B5="","","if FruitType."&'Crop Data'!B5&" then forageCropFactors[FruitType."&'Crop Data'!B5&"] = "&TEXT('Crop Data'!J5,"0.00")&" end -- "&'Crop Data'!A5)
A6: =IF('Crop Data'!B6="","","if FruitType."&'Crop Data'!B6&" then forageCropFactors[FruitType."&'Crop Data'!B6&"] = "&TEXT('Crop Data'!J6,"0.00")&" end -- "&'Crop Data'!A6)
A7: =IF('Crop Data'!B7="","","if FruitType."&'Crop Data'!B7&" then forageCropFactors[FruitType."&'Crop Data'!B7&"] = "&TEXT('Crop Data'!J7,"0.00")&" end -- "&'Crop Data'!A7)
A8: =IF('Crop Data'!B8="","","if FruitType."&'Crop Data'!B8&" then forageCropFactors[FruitType."&'Crop Data'!B8&"] = "&TEXT('Crop Data'!J8,"0.00")&" end -- "&'Crop Data'!A8)
A9: =IF('Crop Data'!B9="","","if FruitType."&'Crop Data'!B9&" then forageCropFactors[FruitType."&'Crop Data'!B9&"] = "&TEXT('Crop Data'!J9,"0.00")&" end -- "&'Crop Data'!A9)
A10: =IF('Crop Data'!B10="","","if FruitType."&'Crop Data'!B10&" then forageCropFactors[FruitType."&'Crop Data'!B10&"] = "&TEXT('Crop Data'!J10,"0.00")&" end -- "&'Crop Data'!A10)
A11: =IF('Crop Data'!B11="","","if FruitType."&'Crop Data'!B11&" then forageCropFactors[FruitType."&'Crop Data'!B11&"] = "&TEXT('Crop Data'!J11,"0.00")&" end -- "&'Crop Data'!A11)
A12: =IF('Crop Data'!B12="","","if FruitType."&'Crop Data'!B12&" then forageCropFactors[FruitType."&'Crop Data'!B12&"] = "&TEXT('Crop Data'!J12,"0.00")&" end -- "&'Crop Data'!A12)
A13: =IF('Crop Data'!B13="","","if FruitType."&'Crop Data'!B13&" then forageCropFactors[FruitType."&'Crop Data'!B13&"] = "&TEXT('Crop Data'!J13,"0.00")&" end -- "&'Crop Data'!A13)
A14: =IF('Crop Data'!B14="","","if FruitType."&'Crop Data'!B14&" then forageCropFactors[FruitType."&'Crop Data'!B14&"] = "&TEXT('Crop Data'!J14,"0.00")&" end -- "&'Crop Data'!A14)
A15: =IF('Crop Data'!B15="","","if FruitType."&'Crop Data'!B15&" then forageCropFactors[FruitType."&'Crop Data'!B15&"] = "&TEXT('Crop Data'!J15,"0.00")&" end -- "&'Crop Data'!A15)
A16: =IF('Crop Data'!B16="","","if FruitType."&'Crop Data'!B16&" then forageCropFactors[FruitType."&'Crop Data'!B16&"] = "&TEXT('Crop Data'!J16,"0.00")&" end -- "&'Crop Data'!A16)
A17: cropFactor = (ft and forageCropFactors[ft]) or 1.0
